Workbook

Sheet LEEME_Importacion
A1: RASTROS · UNODC / Gobierno del Estado de Jalisco
A2: Estructura de la base master — libro de importación
A4: CÓMO IMPORTAR A GOOGLE SHEETS
A5: 1. Abra el libro RASTROS_UNODC_Master_DB en Google Sheets.
A6: 2. Menú Archivo ▸ Importar ▸ Subir, y seleccione este archivo.
A7: 3. En 'Ubicación de importación' elija INSERTAR HOJAS NUEVAS.
A8: 4. No elija 'Reemplazar hoja': eso borraría lo que ya tiene capturado.
A9: 5. Al terminar, borre la Hoja 1 anterior y esta pestaña LEEME_Importacion.
A11: QUÉ SE CAPTURA A MANO
A12: · Celdas en AZUL: datos de ejemplo, sustitúyalos por los reales.
A13: · Celdas AMARILLAS en Control_Metas_y_KPIs: avance real de las metas 1, 3 y 4.
A14: · Todo lo demás se calcula solo. No sobrescriba las columnas de fórmula.
... A37: Fechas y acuerdos logísticos: minuta de la reunión con UNODC del 22/07/2026.

Sheet Listas_Catalogos
A1: Tipo_Rol | B1: Estatus_Vetting | C1: Tipo_Evento | D1: Estatus_Catering | E1: Estatus_Validacion | F1: Responsable | G1: Estatus_Pendiente | H1: Nivel_Alerta | I1: Estatus_Hito | J1: Tipo_Parametro | K1: Dependencia | L1: Dependencia_Abrev
A2: Tomador de decisiones | B2: Pendiente | C2: Mesa de Trabajo | D2: No requerido | E2: Recibida | F2: UNODC | G2: Pendiente | H2: Crítica | I2: Futuro | J2: Número | K2: Coordinación General Estratégica de Seguridad (CGES) | L2: CGES
A3: Operativo | B3: Enviado Embajada | C3: Capacitación | D3: Solicitado a UNODC | E3: En revisión | F3: CGES | G3: En Gestión | H3: Atención | I3: En Curso | J3: Texto | K3: Secretaría de Seguridad del Estado de Jalisco | L3: Secretaría de Seguridad
B4: Aprobado | D4: Confirmado | E4: Validada | F4: Secretaría de Seguridad | G4: Resuelto | H4: OK | I4: Completado | J4: Fecha | K4: Fiscalía del Estado de Jalisco | L4: Fiscalía del Estado
D5: Cubierto | E5: Descartada | F5: Fiscalía del Estado | J5: Booleano | K5: Fiscalía Especializada en Trata de Personas | L5: Fiscalía Especializada
F6: Fiscalía Especializada | K6: Ministerio Público | L6: Ministerio Público
F7: Policía Cibernética | K7: Policía Cibernética | L7: Policía Cibernética
F8: Embajada de EE. UU. | K8: Perito o personal experto técnico | L8: Peritos
F9: Otra | K9: Comisión Ejecutiva Estatal de Atención a Víctimas | L9: CEEAV
K10: Comisión de Búsqueda de Personas | L10: Comisión de Búsqueda
K11: Otra | L11: Otra
A14: Catálogos que alimentan las listas desplegables. Si agrega valores, amplíe también el rango de validación en la pestaña correspondiente.

Sheet Control_Metas_y_KPIs
A1: ID_Meta | B1: Meta | C1: Descripción | D1: Objetivo_Global | E1: Objetivo_Jalisco | F1: Real | G1: Avance_% | H1: Semáforo | I1: Fuente_de_Verificación
A2: M1 | B2: Meta 1: Programas Diseñados | C2: Programas de formación diseñados e implementados (1 por país: México/Jalisco, Guatemala, Perú) | D2: 3 | E2: 1 | F2: 0 | G2: =IF(D2=0,0,F2/D2) | H2: =IF(G2>=1,"CUMPLIDA",IF(G2>=0.5,"EN AVANCE",IF(G2>0,"INICIADA","SIN AVANCE"))) | I2: Documentos de programa validados por UNODC
A3: M2 | B3: Meta 2: Funcionarios Capacitados | C3: Funcionarios de fuerzas del orden y fiscalías capacitados en trata vinculada a estafas en línea | D3: 75 | E3: 25 | F3: =SUMIF(Mesas_de_Trabajo_y_Capacitaciones!$B$2:$B$61,"Capacitación",Mesas_de_Trabajo_y_Capacitaciones!$F$2:$F$61) | G3: =IF(D3=0,0,F3/D3) | H3: =IF(G3>=1,"CUMPLIDA",IF(G3>=0.5,"EN AVANCE",IF(G3>0,"INICIADA","SIN AVANCE"))) | I3: Listas de asistencia — pestaña Mesas_de_Trabajo_y_Capacitaciones
A4: M3 | B4: Meta 3: Investigaciones TIP / OSO | C4: Casos de trata de personas vinculados a operaciones de estafa en línea investigados (5 por país) | D4: 15 | E4: 5 | F4: 0 | G4: =IF(D4=0,0,F4/D4) | H4: =IF(G4>=1,"CUMPLIDA",IF(G4>=0.5,"EN AVANCE",IF(G4>0,"INICIADA","SIN AVANCE"))) | I4: Reporte de la Fiscalía Especializada / carpetas de investigación
A5: M4 | B5: Meta 4: Redes de Formadores y Materiales | C5: Redes ToT constituidas (3) y materiales de formación desarrollados (15) | D5: 3 | E5: 1 | F5: 0 | G5: =IF(D5=0,0,F5/D5) | H5: =IF(G5>=1,"CUMPLIDA",IF(G5>=0.5,"EN AVANCE",IF(G5>0,"INICIADA","SIN AVANCE"))) | I5: Actas de constitución de red ToT y repositorio de materiales
A7: INDICADORES OPERATIVOS — FASE ACTUAL
A8: Beneficiarios registrados para vetting | C8: =COUNTA(Vetting_Beneficiarios!$B$2:$B$201)
A9: Vetting pendiente | C9: =COUNTIF(Vetting_Beneficiarios!$G$2:$G$201,"Pendiente")
A10: Vetting enviado a la Embajada | C10: =COUNTIF(Vetting_Beneficiarios!$G$2:$G$201,"Enviado Embajada")
A11: Vetting aprobado | C11: =COUNTIF(Vetting_Beneficiarios!$G$2:$G$201,"Aprobado")
A12: Tomadores de decisiones convocados | C12: =COUNTIF(Vetting_Beneficiarios!$E$2:$E$201,"Tomador de decisiones")
A13: Dependencias participantes | C13: =SUMPRODUCT((Vetting_Beneficiarios!$D$2:$D$201<>"")/COUNTIF(Vetting_Beneficiarios!$D$2:$D$201,Vetting_Beneficiarios!$D$2:$D$201&""))
A14: Cuestionarios de diagnóstico recibidos | C14: =SUMPRODUCT(--(Respuestas_Formulario_Diagnostico!$B$3:$B$202<>""))
A15: Cuestionarios validados | C15: =COUNTIF(Respuestas_Formulario_Diagnostico!$C$3:$C$202,"Validada")
A16: Días restantes para la fecha límite de vetting | C16: =DATE(2026,7,29)-TODAY()
A17: Mesas de trabajo y capacitaciones programadas | C17: =COUNTA(Mesas_de_Trabajo_y_Capacitaciones!$B$2:$B$61)
A19: Celdas amarillas = captura manual. Las demás se calculan solas. Meta 2 suma los asistentes de los eventos tipo Capacitación. Objetivos tomados del One Pager RASTROS proporcionado por UNODC.

Sheet Vetting_Beneficiarios
A1: ID_Beneficiario | B1: Nombre | C1: Cargo | D1: Dependencia | E1: Tipo_Rol | F1: Correo | G1: Estatus_Vetting | H1: Fecha_Limite_Envio | I1: Observaciones
A2: =IF(LEN(B2)=0,"","RAS-VET-"&TEXT(ROW()-1,"000")) | B2: Por designar | C2: Enlace institucional | D2: Coordinación General Estratégica de Seguridad (CGES) | E2: Tomador de decisiones | G2: Pendiente | H2: 46232
A3: =IF(LEN(B3)=0,"","RAS-VET-"&TEXT(ROW()-1,"000")) | B3: Por designar | C3: Titular o representante | D3: Secretaría de Seguridad del Estado de Jalisco | E3: Tomador de decisiones | G3: Pendiente | H3: 46232
A4: =IF(LEN(B4)=0,"","RAS-VET-"&TEXT(ROW()-1,"000")) | B4: Por designar | C4: Mando con vínculo operativo | D4: Secretaría de Seguridad del Estado de Jalisco | E4: Operativo | G4: Pendiente | H4: 46232
A5: =IF(LEN(B5)=0,"","RAS-VET-"&TEXT(ROW()-1,"000")) | B5: Por designar | C5: Titular o representante | D5: Fiscalía del Estado de Jalisco | E5: Tomador de decisiones | G5: Pendiente | H5: 46232
A6: =IF(LEN(B6)=0,"","RAS-VET-"&TEXT(ROW()-1,"000")) | B6: Por designar | C6: Agente del Ministerio Público | D6: Fiscalía del Estado de Jalisco | E6: Operativo | G6: Pendiente | H6: 46232
A7: =IF(LEN(B7)=0,"","RAS-VET-"&TEXT(ROW()-1,"000")) | B7: Por designar | C7: Titular de la Fiscalía Especializada | D7: Fiscalía Especializada en Trata de Personas | E7: Tomador de decisiones | G7: Pendiente | H7: 46232
A8: =IF(LEN(B8)=0,"","RAS-VET-"&TEXT(ROW()-1,"000")) | B8: Por designar | C8: Investigador especializado | D8: Fiscalía Especializada en Trata de Personas | E8: Operativo | G8: Pendiente | H8: 46232
A9: =IF(LEN(B9)=0,"","RAS-VET-"&TEXT(ROW()-1,"000")) | B9: Por designar | C9: Jefatura de unidad | D9: Policía Cibernética | E9: Tomador de decisiones | G9: Pendiente | H9: 46232
A10: =IF(LEN(B10)=0,"","RAS-VET-"&TEXT(ROW()-1,"000")) | B10: Por designar | C10: Perito en evidencia digital | D10: Policía Cibernética | E10: Operativo | G10: Pendiente | H10: 46232
A11: =IF(LEN(B11)=0,"","RAS-VET-"&TEXT(ROW()-1,"000")) | B11: Por designar | C11: Enlace de atención a víctimas | D11: Comisión Ejecutiva Estatal de Atención a Víctimas | E11: Tomador de decisiones | G11: Pendiente | H11: 46232
A12: =IF(LEN(B12)=0,"","RAS-VET-"&TEXT(ROW()-1,"000")) | B12: Por designar | C12: Enlace de búsqueda | D12: Comisión de Búsqueda de Personas | E12: Tomador de decisiones | G12: Pendiente | H12: 46232
A13: =IF(LEN(B13)=0,"","RAS-VET-"&TEXT(ROW()-1,"000")) | H13: 46232
A14: =IF(LEN(B14)=0,"","RAS-VET-"&TEXT(ROW()-1,"000")) | H14: 46232
A15: =IF(LEN(B15)=0,"","RAS-VET-"&TEXT(ROW()-1,"000")) | H15: 46232
A16: =IF(LEN(B16)=0,"","RAS-VET-"&TEXT(ROW()-1,"000")) | H16: 46232
A17: =IF(LEN(B17)=0,"","RAS-VET-"&TEXT(ROW()-1,"000")) | H17: 46232
A18: =IF(LEN(B18)=0,"","RAS-VET-"&TEXT(ROW()-1,"000")) | H18: 46232
A19: =IF(LEN(B19)=0,"","RAS-VET-"&TEXT(ROW()-1,"000")) | H19: 46232
A20: =IF(LEN(B20)=0,"","RAS-VET-"&TEXT(ROW()-1,"000")) | H20: 46232
A21: =IF(LEN(B21)=0,"","RAS-VET-"&TEXT(ROW()-1,"000")) | H21: 46232
A22: =IF(LEN(B22)=0,"","RAS-VET-"&TEXT(ROW()-1,"000")) | H22: 46232
A23: =IF(LEN(B23)=0,"","RAS-VET-"&TEXT(ROW()-1,"000")) | H23: 46232
A24: =IF(LEN(B24)=0,"","RAS-VET-"&TEXT(ROW()-1,"000")) | H24: 46232
... A201: =IF(LEN(B201)=0,"","RAS-VET-"&TEXT(ROW()-1,"000")) | H201: 46232

Sheet Respuestas_Formulario_Diagnostico
A1: CONTROL DE REGISTRO | D1: Sección I. Información general (Perfil) | P1: Sección II. Detección e identificación de estafas en línea | Z1: Sección III. Vinculación con trata de personas (TIP), explotación y otros | AK1: Sección IV. Marco Legal | AQ1: Sección V. Recolección de pruebas e investigación (Evidencia digital) | AY1: Sección VI. Protección y reparación de víctimas y sobrevivientes | BH1: Sección VII. Capacitación y recursos | BL1: Sección VIII. Cooperación interinstitucional y enfoque regional
A2: Marca_temporal | B2: ID_Respuesta | C2: Estatus_Validacion | D2: P01. Correo electrónico institucional | E2: P02. Sexo | F2: P03. Edad | G2: P04. Perfil principal (Jefatura o supervisión / Operativo) | H2: P05. Institución a la que pertenece | I2: P06. Su rol se relaciona con | J2: P07. Rol en Seguridad Pública o Fiscalía | K2: P08. Unidad a la que pertenece | L2: P09. Antigüedad en el cargo | M2: P10. Años de experiencia en casos de estafas en línea | N2: P11. Años de experiencia en casos de trata de personas | O2: P12. Nivel de participación en los últimos 24 meses | P2: P13. Ha sido involucrado en carpeta de investigación por estafas en línea | Q2: P14. Descripción de en qué consistió la estafa | R2: P15. Perfil de las víctimas de estafas en línea | S2: P16. Qué se prometió principalmente a las víctimas | T2: P17. Perfil de las personas victimarias | U2: P18. Nacionalidad de quienes ejecutan las estafas | V2: P19. Señales o indicadores que activan la sospecha de trata | W2: P20. Identificación de call centers, bunkers o inmuebles dedicados al fraude | X2: P21. Identificación del uso de inteligencia artificial | Y2: P22. Casos que involucren criptomonedas o billeteras digitales | Z2: P23. Casos en que se OBLIGUE a realizar trabajo o actividad en línea | AA2: P24. Casos en que se ENGAÑE para realizar trabajo o actividad en línea | AB2: P25. Actividades más frecuentes exigidas a la víctima | AC2: P26. Tipificación del delito conforme al CNPP | AD2: P27. Casos de trata de personas para cometer estafas en línea | AE2: P28. Modus operandi identificado | AF2: P29. Perfil de las víctimas de trata | AG2: P30. Forma de captación de las víctimas | AH2: P31. Traslado o facilitación de movilidad | AI2: P32. Quién costeó el traslado o alojamiento inicial | AJ2: P33. Señales de estafa cometida contra la voluntad de la persona | AK2: P34. Medida en que el marco legal facilita o dificulta la investigación | AL2: P35. Claridad sobre los mecanismos de coordinación institucional | AM2: P36. Nivel de participación de laboratorios forenses digitales o peritos | AN2: P37. Conocimiento de unidad de enlace o fuerza de tarea conjunta TIP–Ciber | AO2: P38. Necesidad de reformas legales | AP2: P39. Áreas de reforma legal consideradas necesarias | AQ2: P40. Medios de prueba determinantes | AR2: P41. Dificultades durante allanamientos | AS2: P42. Aplicaciones de mensajería que obstaculizan la interceptación | AT2: P43. Procedimiento para preservar comunicaciones en mensajería cifrada | AU2: P44. Explicación del procedimiento e institución que lo generó | AV2: P45. Vinculación de "facilitadores profesionales" | AW2: P46. Barreras técnicas o logísticas para obtener pruebas | AX2: P47. Propuestas para mejorar la cadena de custodia digital | AY2: P48. Aplicación de protocolos de atención integral | AZ2: P49. Frecuencia de uso de medidas de protección | BA2: P50. Frecuencia de uso de prueba anticipada | BB2: P51. Víctimas obligadas o engañadas como beneficiarias de protección | BC2: P52. Dificultad para garantizar la no criminalización | BD2: P53. Artículo, ley o vacío legal que constituye el principal obstáculo | BE2: P54. Trato inicial que recibe quien ejecuta la estafa en línea | BF2: P55. Barreras para aplicar tempranamente la no criminalización | BG2: P56. Obstáculos para la reparación y restitución de derechos | BH2: P57. Ha recibido capacitación sobre investigación de estafas en línea | BI2: P58. Ha recibido capacitación sobre investigación de trata de personas | BJ2: P59. Temas de capacitación considerados prioritarios | BK2: P60. Recursos necesarios para mejorar la respuesta institucional | BL2: P61. Evaluación de los mecanismos de cooperación internacional | BM2: P62. Mecanismos de cooperación que utilizaría | BN2: P63. Actores con los que resulta más urgente coordinar | BO2: P64. Principal obstáculo al solicitar información a proveedores extranjeros | BP2: P65. Información o mecanismos requeridos del sector privado | BQ2: P66. Otras barreras institucionales, normativas o de coordinación | BR2: P67. Conocimiento de alguna sentencia de trata vinculada a estafas en línea
B3: =IF(LEN(A3)=0,"","RAS-DIA-"&TEXT(ROW()-2,"000"))
B4: =IF(LEN(A4)=0,"","RAS-DIA-"&TEXT(ROW()-2,"000"))
B5: =IF(LEN(A5)=0,"","RAS-DIA-"&TEXT(ROW()-2,"000"))
B6: =IF(LEN(A6)=0,"","RAS-DIA-"&TEXT(ROW()-2,"000"))
B7: =IF(LEN(A7)=0,"","RAS-DIA-"&TEXT(ROW()-2,"000"))
B8: =IF(LEN(A8)=0,"","RAS-DIA-"&TEXT(ROW()-2,"000"))
B9: =IF(LEN(A9)=0,"","RAS-DIA-"&TEXT(ROW()-2,"000"))
B10: =IF(LEN(A10)=0,"","RAS-DIA-"&TEXT(ROW()-2,"000"))
B11: =IF(LEN(A11)=0,"","RAS-DIA-"&TEXT(ROW()-2,"000"))
B12: =IF(LEN(A12)=0,"","RAS-DIA-"&TEXT(ROW()-2,"000"))
B13: =IF(LEN(A13)=0,"","RAS-DIA-"&TEXT(ROW()-2,"000"))
B14: =IF(LEN(A14)=0,"","RAS-DIA-"&TEXT(ROW()-2,"000"))
... B202: =IF(LEN(A202)=0,"","RAS-DIA-"&TEXT(ROW()-2,"000"))

Sheet Mesas_de_Trabajo_y_Capacitaciones
A1: ID_Evento | B1: Tipo | C1: Fecha | D1: Sede_Externa | E1: Estatus_Catering | F1: Asistentes_Confirmados | G1: Acuerdos_Principales | H1: Link_Minuta_PDF
A2: =IF(LEN(B2)=0,"","RAS-EVT-"&TEXT(ROW()-1,"00")) | B2: Mesa de Trabajo | C2: 46260 | D2: Por definir — sede externa UNODC | E2: Solicitado a UNODC | G2: Presentación del proyecto a personal clave con nivel de mando o comunicación con operativos.
A3: =IF(LEN(B3)=0,"","RAS-EVT-"&TEXT(ROW()-1,"00")) | B3: Mesa de Trabajo | C3: 46261 | D3: Por definir — sede externa UNODC | E3: Solicitado a UNODC | G3: Planeación de actividades y explicación del formulario de diagnóstico.
A4: =IF(LEN(B4)=0,"","RAS-EVT-"&TEXT(ROW()-1,"00"))
A5: =IF(LEN(B5)=0,"","RAS-EVT-"&TEXT(ROW()-1,"00"))
A6: =IF(LEN(B6)=0,"","RAS-EVT-"&TEXT(ROW()-1,"00"))
A7: =IF(LEN(B7)=0,"","RAS-EVT-"&TEXT(ROW()-1,"00"))
A8: =IF(LEN(B8)=0,"","RAS-EVT-"&TEXT(ROW()-1,"00"))
A9: =IF(LEN(B9)=0,"","RAS-EVT-"&TEXT(ROW()-1,"00"))
A10: =IF(LEN(B10)=0,"","RAS-EVT-"&TEXT(ROW()-1,"00"))
A11: =IF(LEN(B11)=0,"","RAS-EVT-"&TEXT(ROW()-1,"00"))
A12: =IF(LEN(B12)=0,"","RAS-EVT-"&TEXT(ROW()-1,"00"))
A13: =IF(LEN(B13)=0,"","RAS-EVT-"&TEXT(ROW()-1,"00"))
A14: =IF(LEN(B14)=0,"","RAS-EVT-"&TEXT(ROW()-1,"00"))
A15: =IF(LEN(B15)=0,"","RAS-EVT-"&TEXT(ROW()-1,"00"))
... A61: =IF(LEN(B61)=0,"","RAS-EVT-"&TEXT(ROW()-1,"00"))

Sheet Mapeo_Formato_VETTING_Oficial
A1: Participante o Alterno | B1: Nombre(s) | C1: Apellidos | D1: CURP | E1: Sexo | F1: Fecha de Nacimiento (mm/dd/aaaa) | G1: Nacimiento — Ciudad o Municipio | H1: Nacimiento — Estado | I1: Nacimiento — País | J1: Último Nivel de Estudios | K1: Conocimiento del Idioma Inglés | L1: Correo Electrónico | M1: Teléfono | N1: Residencia — Ciudad o Municipio | O1: Residencia — Estado | P1: Residencia — País | Q1: Dependencia / Organización | R1: Puesto / Ocupación | S1: Rango (si aplica) | T1: ¿Jefe de Unidad? (Sí/No) | U1: CUIP | V1: ¿Control de Confianza Aprobado? (Sí/No) | W1: Fecha de Certificación de Control de Confianza | X1: Años de Experiencia en Puesto Actual | Y1: Nombre de Contacto de la Dependencia | Z1: Correo de Contacto de la Dependencia | AA1: ID Unidad | AB1: Ciudad de Partida | AC1: Unidad en Organigrama (nivel 1) | AD1: Unidad en Organigrama (nivel 2) | AE1: Autorización del Gobierno de México
A2: Estructura espejo de la pestaña Participants del archivo oficial Formato VETTING 2026.xlsx. Se llena solo al momento de exportar a la Embajada; el control interno vive en Vetting_Beneficiarios.

Sheet Pendientes_UNODC
A1: ID_Pendiente | B1: Titulo | C1: Descripcion | D1: Responsable | E1: Estatus | F1: Nivel_Alerta | G1: Fecha_Vencimiento
A2: P001 | B2: Anexo 3 | C2: Confirmar si la Embajada lo requerirá, para anticiparlo en la planeación logística de los oficios. | D2: UNODC | E2: Pendiente | F2: Crítica
A3: P002 | B3: Sede de las mesas de trabajo | C3: UNODC cubre alquiler, alimentos y coffee break. Falta definir el lugar. | D3: UNODC | E3: En Gestión | F3: Atención
A4: P003 | B4: Proyección y pantalla | C4: Por confirmar con la sede una vez definida. | D4: CGES | E4: Pendiente | F4: Atención
A5: P004 | B5: Reporte institucional de la capacitación | C5: Se gestiona internamente; UNODC apoya con los insumos que se requieran. | D5: CGES | E5: En Gestión | F5: OK

Sheet Ruta_Critica
A1: ID_Hito | B1: Fecha | C1: Actividad | D1: Responsable | E1: Estatus | F1: Notas
A2: H001 | B2: 29 de julio de 2026 | C2: Solicitud de vetting al personal de las unidades participantes | D2: CGES | E2: En Curso | F2: Fecha límite acordada con UNODC el 22/07/2026.
A3: H002 | B3: 29 de julio de 2026 | C3: Revisión del formulario de diagnóstico por tomadores de decisiones | D3: CGES | E3: En Curso | F3: Solo tomadores de decisiones, para acotar las observaciones.
A4: H003 | B4: 31 de julio de 2026 | C4: Confirmación de fecha y horario de la reunión presencial | D4: CGES | E4: Futuro
A5: H004 | B5: Semana del 24 de agosto de 2026 | C5: Reunión presencial con personal clave y mesas de trabajo | D5: UNODC | E5: Futuro | F5: Sede externa, alimentos y catering a cargo de UNODC.
A6: H005 | B6: Septiembre de 2026 | C6: Aplicación en línea del formulario a todas las unidades | D6: UNODC | E6: Futuro

Sheet Configuracion_Dashboard
A1: Parametro | B1: Valor | C1: Descripcion | D1: Tipo
A2: CUOTA_POR_DEPENDENCIA | B2: 2 | C2: Propuestas mínimas esperadas por dependencia | D2: Número
A3: META_DIAGNOSTICO | B3: 25 | C3: Cuestionarios de diagnóstico previstos en Jalisco | D3: Número
A4: FECHA_LIMITE_VETTING | B4: 46232 | C4: Fecha límite de envío de propuestas de vetting | D4: Fecha
A5: DIAS_CRITICOS | B5: 3 | C5: Días restantes para considerar la alerta como crítica | D5: Número
A6: DIAS_ATENCION | B6: 10 | C6: Días restantes para considerar la alerta como de atención | D6: Número

Sheet Metadatos_Proyecto
A1: Campo | B1: Valor
A2: Titulo_Proyecto | B2: RASTROS
A3: Subtitulo | B3: Panel ejecutivo del Enlace Coordinador · Coordinación General Estratégica de Seguridad
A4: Fase_Actual | B4: Convocatoria de vetting y diagnóstico inicial
A5: Periodo | B5: Julio – Agosto 2026
A6: Paises | B6: México (Jalisco) · Guatemala · Perú
A7: Donante | B7: Departamento de Estado de EE. UU.
A8: Institucion_Ejecutora | B8: UNODC
A9: Institucion_Contraparte | B9: Gobierno del Estado de Jalisco
